reference,group,reference_auc,lightpfn_auc,n,delta,lo,hi,win,tie,p,nominal
CatBoost,all,0.9022855346935305,0.9109228992762883,55,0.00863736458275799,0.004239086226753956,0.014044218961241788,0.8,0.0,0.0019499025048747563,reale+
CatBoost,binary,0.8812785457123121,0.8893104755834871,27,0.008031929871174836,0.0022458478915770713,0.016892845996504056,0.8148148148148148,0.0,0.035798210089495526,reale+
CatBoost,multiclass,0.9225422740682766,0.9317634506943471,28,0.009221176626070316,0.0033839867671509004,0.015906003493415,0.7857142857142857,0.0,0.005149742512874356,reale+
LightGBM,all,0.8907426038821966,0.9109228992762883,55,0.02018029539409195,0.011404192451855687,0.03158840302302523,0.9090909090909091,0.0,0.0008999550022498875,reale+
LightGBM,binary,0.8625767133049007,0.8893104755834871,27,0.026733762278586346,0.012231720375941283,0.04803818808126048,0.8888888888888888,0.0,0.008749562521873906,reale+
LightGBM,multiclass,0.9179025697960175,0.9317634506943471,28,0.013860880898329514,0.006122717696531707,0.023922059331939655,0.9285714285714286,0.0,0.004949752512374382,reale+
XGBoost,all,0.8818562501188572,0.9109228992762883,55,0.029066649157431373,0.0147645620566449,0.05028827501392536,0.9454545454545454,0.0,0.006149692515374231,reale+
XGBoost,binary,0.8426590959659218,0.8893104755834871,27,0.04665137961756493,0.019245275022162396,0.0884742959588351,0.9629629629629629,0.0,0.016449177541122944,reale+
XGBoost,multiclass,0.9196535059091872,0.9317634506943471,28,0.01210994478515973,0.006660644453996744,0.018408185152462297,0.9285714285714286,0.0,0.00014999250037498125,reale+
XGBoost,all_without_failures,0.8889276621580954,0.9094879149652983,54,0.020560252807203267,0.013220673268033873,0.029409778976068165,0.9444444444444444,0.0,9.99950002499875e-05,reale+
Random forest,all,0.8933388290552512,0.9109228992762883,55,0.017584070221037196,0.010258361957301303,0.026204308925844102,0.9090909090909091,0.0,0.000199990000499975,reale+
Random forest,binary,0.8719618593292059,0.8893104755834871,27,0.017348616254280996,0.008807113849813183,0.02830344277852491,0.8888888888888888,0.0,0.0016999150042497876,reale+
Random forest,multiclass,0.913952335576795,0.9317634506943471,28,0.0178111151175521,0.007187877307081544,0.031660146305261004,0.9285714285714286,0.0,0.007899605019749012,reale+
