#,Model,Elo [⬆️],Elo 95% CI,Score [⬆️],Rank [⬇️],Harmonic Rank [⬇️],Improvability (%) [⬇️],Median Train Time (s/1K) [⬇️],Median Predict Time (s/1K) [⬇️],Verified,Imputed (%) [⬇️],Imputed,Hardware
0,Kumo-Tabular (default),1995.0,+163/-119,0.823,5.45,2.43,4.148,2.79,0.271,✔️,0.0,False,GPU
1,LimiX-2 (default),1860.0,+169/-109,0.77,9.45,2.91,4.738,36.88,10.12,✔️,0.0,False,GPU
2,Kumo-Tabular-Medium (default),1850.0,+141/-105,0.731,9.82,5.03,6.398,1.39,0.153,✔️,0.0,False,GPU
3,TabPFN-3.5 (default),1816.0,+124/-104,0.706,11.2,4.26,8.37,1.86,0.514,✔️,0.0,False,GPU
4,TabFM+,1788.0,+131/-104,0.697,12.41,3.67,8.163,20.08,7.883,✔️,0.0,False,GPU
5,TabPFN-3.5-Fast (default),1780.0,+130/-82,0.658,12.76,8.12,10.027,0.75,0.169,✔️,0.0,False,GPU
6,Causilo (default),1765.0,+119/-77,0.633,13.5,6.85,10.003,0.85,0.109,✔️,0.0,False,GPU
7,Kumo-Tabular-Small (default),1760.0,+95/-69,0.623,13.74,8.98,10.305,0.82,0.092,✔️,0.0,False,GPU
8,TabFM (default),1760.0,+150/-130,0.659,13.75,4.52,8.433,18.45,6.815,✔️,0.0,False,GPU
9,"AutoGluon 1.6 (noncommercial, 4h)",1756.0,+89/-59,0.614,13.92,7.25,9.677,13.92,0.65,✔️,0.0,False,GPU
10,EXAONE-Tabular (default),1736.0,+91/-69,0.625,14.92,7.49,10.944,1.53,0.492,✔️,0.0,False,GPU
11,Mitra-v2 (default),1727.0,+134/-95,0.639,15.42,7.94,9.61,71.59,1.101,✔️,0.0,False,GPU
12,"AutoGluon 1.6 (extreme, 4h)",1696.0,+69/-45,0.562,17.12,8.9,10.545,11.12,0.622,✔️,0.0,False,GPU
13,"AutoGluon 1.5 (extreme, 4h)",1601.0,+98/-94,0.471,23.21,10.9,11.368,268.44,4.668,✔️,0.0,False,GPU
14,TabPFN-3 (default),1589.0,+84/-69,0.445,24.08,17.51,13.4,1.28,0.384,✔️,0.0,False,GPU
15,Xiaomi-TabLDM (default),1566.0,+97/-71,0.444,25.74,9.39,14.668,1.28,0.272,✔️,0.0,False,GPU
16,TabPFN-2.6 (default),1559.0,+60/-53,0.403,26.33,22.08,14.745,5.39,0.531,✔️,0.0,False,GPU
17,TabICLv2 (default),1558.0,+77/-68,0.411,26.37,19.04,14.832,0.93,0.141,✔️,0.0,False,GPU
18,RealTabPFN-2.5 (tuned + ensembled),1551.0,+79/-74,0.397,26.95,13.69,13.555,2063.62,9.938,✔️,0.0,False,GPU
19,RealTabPFN-2.5 (default),1517.0,+61/-54,0.337,29.66,21.9,15.488,5.63,0.771,✔️,0.0,False,GPU
20,RealTabPFN-2.5 (tuned),1512.0,+68/-62,0.349,30.08,23.82,15.704,2063.62,1.086,✔️,0.0,False,GPU
21,"AutoGluon 1.4 (best, 4h)",1503.0,+77/-56,0.318,30.84,21.57,16.013,1815.89,1.455,✔️,0.0,False,CPU
22,TabDPT-1.3 (default),1467.0,+78/-54,0.313,34.05,20.92,16.993,0.61,0.173,✔️,0.0,False,GPU
23,RealMLP (tuned + ensembled),1459.0,+50/-47,0.255,34.71,26.4,17.252,2774.17,16.363,✔️,0.0,False,GPU
24,LightPFN (default),1420.0,+67/-66,0.27,38.37,17.37,18.299,0.65,0.086,➖,0.0,False,GPU
25,RealMLP (tuned),1403.0,+54/-57,0.23,40.07,25.74,18.481,2774.17,0.39,✔️,0.0,False,GPU
26,TabM (tuned + ensembled),1394.0,+71/-56,0.226,40.87,27.46,18.889,2207.17,1.894,✔️,0.0,False,GPU
27,LimiX (default),1384.0,+78/-70,0.271,41.87,16.09,18.334,18.2,4.692,➖,0.0,False,GPU
28,CatBoost (tuned),1378.0,+58/-55,0.189,42.5,27.81,18.198,1087.73,0.034,✔️,0.0,False,CPU
29,TabDPT-Turbo (default),1376.0,+76/-62,0.218,42.74,30.09,19.405,2.1,0.186,➖,0.0,False,GPU
30,iLTM (tuned + ensembled),1372.0,+63/-62,0.181,43.11,32.34,18.942,12550.1,427.59,✔️,0.0,False,GPU
31,CatBoost (tuned + ensembled),1370.0,+58/-48,0.178,43.36,32.76,18.552,1087.73,0.348,✔️,0.0,False,CPU
32,LightGBM (tuned + ensembled),1365.0,+52/-42,0.142,43.78,37.69,19.525,391.27,1.243,✔️,0.0,False,CPU
33,ChimeraBoost (tuned + ensembled),1359.0,+59/-67,0.173,44.38,33.46,20.0,530.36,0.544,✔️,0.0,False,CPU
34,TabM (tuned),1359.0,+83/-60,0.2,44.42,30.36,19.608,2207.17,0.234,✔️,0.0,False,GPU
35,TabDPT (tuned + ensembled),1353.0,+80/-58,0.198,45.05,33.82,19.133,6067.42,404.053,✔️,0.0,False,GPU
36,ChimeraBoost (tuned),1351.0,+66/-64,0.178,45.22,27.75,20.397,530.36,0.042,✔️,0.0,False,CPU
37,XGBoost (tuned + ensembled),1346.0,+58/-62,0.131,45.72,37.41,20.081,682.62,0.971,✔️,0.0,False,CPU
38,TabICL (default) [5.26% IMPUTED],1343.0,+72/-65,0.185,46.04,28.89,19.927,9.08,2.007,✔️,5.26,True,GPU
39,CTBoost (tuned + ensembled),1340.0,+69/-77,0.151,46.37,33.17,20.38,1355.2,0.426,✔️,0.0,False,CPU
40,CatBoost (default),1339.0,+49/-52,0.139,46.42,35.75,19.702,4.89,0.025,✔️,0.0,False,CPU
41,ModernNCA (tuned),1337.0,+61/-59,0.157,46.66,36.11,19.956,4853.47,0.473,✔️,0.0,False,GPU
42,ModernNCA (tuned + ensembled),1325.0,+81/-72,0.167,47.87,37.16,20.177,4853.47,9.385,✔️,0.0,False,GPU
43,XGBoost (tuned),1320.0,+64/-62,0.117,48.47,35.47,20.31,682.62,0.183,✔️,0.0,False,CPU
44,LightGBM (tuned),1316.0,+52/-47,0.119,48.87,43.08,20.418,391.27,0.186,✔️,0.0,False,CPU
45,TabPFNv2 (tuned + ensembled) [31.58% IMPUTED],1314.0,+88/-75,0.215,49.01,34.19,21.826,2916.21,17.593,✔️,31.58,True,GPU
46,TabDPT (tuned),1311.0,+67/-68,0.173,49.38,37.04,20.612,6067.42,39.564,✔️,0.0,False,GPU
47,BetaTabPFN (default),1306.0,+60/-58,0.151,49.89,39.19,22.042,250.99,2.035,➖,0.0,False,GPU
48,TabSwift (default),1305.0,+58/-66,0.139,50.0,38.16,21.325,0.63,0.057,➖,0.0,False,GPU
49,CTBoost (tuned),1302.0,+64/-71,0.109,50.33,41.9,21.199,1355.2,0.051,✔️,0.0,False,CPU
50,Mitra (default) [31.58% IMPUTED],1300.0,+78/-74,0.182,50.45,33.11,22.125,118.42,2.667,✔️,31.58,True,GPU
51,ChimeraBoost (default),1300.0,+68/-82,0.141,50.53,36.66,21.86,2.75,0.052,✔️,0.0,False,CPU
52,xRFM (tuned + ensembled),1296.0,+61/-57,0.141,50.95,28.43,20.904,1053.8,2.067,✔️,0.0,False,GPU
53,EBM (tuned + ensembled),1290.0,+52/-48,0.098,51.5,41.58,21.768,1449.14,0.149,✔️,0.0,False,CPU
54,iLTM (tuned),1290.0,+59/-51,0.103,51.53,41.48,20.595,12550.1,61.31,✔️,0.0,False,GPU
55,TabM (default),1281.0,+58/-54,0.127,52.43,36.84,21.797,7.26,0.25,✔️,0.0,False,GPU
56,TabPFNv2 (tuned) [31.58% IMPUTED],1257.0,+80/-76,0.153,54.93,37.92,23.244,2916.21,0.271,✔️,31.58,True,GPU
57,TorchMLP (tuned + ensembled),1255.0,+60/-52,0.09,55.18,48.29,21.656,2480.8,2.175,✔️,0.0,False,CPU
58,xRFM (tuned),1250.0,+70/-64,0.11,55.71,21.56,22.217,1053.8,0.105,✔️,0.0,False,GPU
59,SAP-RPT-OSS (default),1248.0,+66/-101,0.15,55.92,25.8,23.654,13.62,1.984,➖,0.0,False,GPU
60,RealMLP (default),1247.0,+64/-53,0.068,55.97,42.91,22.182,10.77,1.786,✔️,0.0,False,GPU
61,EBM (tuned),1236.0,+60/-57,0.064,57.21,44.36,22.674,1449.14,0.017,✔️,0.0,False,CPU
62,TabPFNv2 (default) [31.58% IMPUTED],1235.0,+86/-79,0.136,57.22,36.16,23.433,3.3,0.305,✔️,31.58,True,GPU
63,EBM (default),1235.0,+69/-59,0.084,57.22,31.6,23.238,5.48,0.016,✔️,0.0,False,CPU
64,TabDPT (default),1208.0,+77/-71,0.105,60.07,45.39,23.451,47.89,39.444,✔️,0.0,False,GPU
65,CTBoost (default),1207.0,+72/-84,0.08,60.16,48.22,24.696,5.98,0.038,✔️,0.0,False,CPU
66,FastaiMLP (tuned + ensembled),1202.0,+67/-95,0.073,60.67,48.14,24.257,622.86,5.037,✔️,0.0,False,CPU
67,TorchMLP (tuned),1194.0,+77/-70,0.069,61.51,45.79,23.604,2480.8,0.117,✔️,0.0,False,CPU
68,APLR (tuned + ensembled),1193.0,+59/-62,0.054,61.53,53.07,24.723,1435.52,1.093,✔️,0.0,False,CPU
69,XGBoost (default),1191.0,+57/-69,0.06,61.79,50.06,23.223,1.88,0.121,✔️,0.0,False,CPU
70,ExtraTrees (tuned + ensembled),1181.0,+68/-71,0.069,62.76,41.13,23.975,282.36,0.86,✔️,0.0,False,CPU
71,ModernNCA (default),1174.0,+70/-72,0.053,63.43,21.89,25.144,13.35,0.352,✔️,0.0,False,GPU
72,RandomForest (tuned + ensembled),1157.0,+73/-78,0.069,65.18,55.84,25.002,327.37,0.708,✔️,0.0,False,CPU
73,ExtraTrees (tuned),1153.0,+70/-83,0.049,65.51,41.69,25.371,282.36,0.072,✔️,0.0,False,CPU
74,APLR (tuned),1152.0,+57/-71,0.044,65.64,54.41,25.794,1435.52,0.083,✔️,0.0,False,CPU
75,LightGBM (default),1144.0,+59/-63,0.047,66.43,58.51,24.32,2.25,0.159,✔️,0.0,False,CPU
76,iLTM (default),1132.0,+72/-80,0.036,67.55,50.38,26.524,267.89,62.492,✔️,0.0,False,GPU
77,FastaiMLP (tuned),1130.0,+74/-88,0.051,67.76,52.74,26.014,622.86,0.345,✔️,0.0,False,CPU
78,RandomForest (tuned),1122.0,+66/-71,0.041,68.53,61.75,25.736,327.37,0.085,✔️,0.0,False,CPU
79,APLR (default),1121.0,+67/-86,0.039,68.58,52.62,27.475,5.36,0.059,✔️,0.0,False,CPU
80,TabSTAR (tuned),1117.0,+100/-97,0.097,68.95,22.83,27.831,38846.7,4.269,✔️,0.0,False,GPU
81,TabSTAR (tuned + ensembled),1110.0,+102/-110,0.09,69.64,29.4,28.037,38846.7,19.475,✔️,0.0,False,GPU
82,OrionMSP (default),1056.0,+62/-74,0.013,74.36,68.1,28.44,16.07,2.876,➖,0.0,False,GPU
83,PerpetualBooster (tuned + ensembled),1056.0,+76/-89,0.055,74.37,64.82,32.69,175.23,0.654,✔️,0.0,False,CPU
84,TorchMLP (default),1037.0,+63/-82,0.017,75.97,69.73,28.27,5.73,0.148,✔️,0.0,False,CPU
85,TabSTAR (default),1023.0,+116/-130,0.08,77.11,21.64,34.053,403.92,4.972,✔️,0.0,False,GPU
86,Linear (tuned + ensembled),1010.0,+108/-115,0.047,78.07,37.68,33.393,1237.95,0.208,✔️,0.0,False,CPU
87,PerpetualBooster (tuned),1007.0,+64/-93,0.022,78.33,72.98,34.171,175.23,0.2,✔️,0.0,False,CPU
88,RandomForest (default),1000.0,+71/-84,0.014,78.86,64.86,31.496,0.37,0.038,✔️,0.0,False,CPU
89,KNN (tuned + ensembled),999.0,+78/-102,0.028,78.92,67.69,31.734,140.69,2.876,✔️,0.0,False,CPU
90,Linear (tuned),997.0,+115/-126,0.054,79.11,43.96,34.169,1237.95,0.049,✔️,0.0,False,CPU
91,FastaiMLP (default),994.0,+70/-69,0.012,79.29,74.95,29.558,3.13,0.334,✔️,0.0,False,CPU
92,ExtraTrees (default),986.0,+91/-101,0.015,79.92,71.0,31.481,1.75,0.268,✔️,0.0,False,CPU
93,xRFM (default),976.0,+85/-93,0.017,80.63,73.82,32.442,3.48,0.677,✔️,0.0,False,GPU
94,TabFlex (default),968.0,+82/-134,0.026,81.18,71.98,34.116,1.04,0.192,➖,0.0,False,GPU
95,PerpetualBooster (default),938.0,+90/-127,0.03,83.14,65.29,39.496,20.44,0.044,✔️,0.0,False,CPU
96,Linear (default),878.0,+88/-110,0.005,86.68,83.05,38.255,2.56,0.071,✔️,0.0,False,CPU
97,KNN (tuned),836.0,+102/-126,0.017,88.76,84.36,38.471,140.69,0.188,✔️,0.0,False,CPU
98,KNN (default),555.0,+108/-140,0.0,96.61,96.36,52.291,0.18,0.028,✔️,0.0,False,CPU
