task_id,name,auc,logloss,n_train,n_features,n_classes,model
363613,Amazon_employee_access,0.8487489587019582,0.1584295598357862,21846.0,9,2,LightPFN x4
363614,anneal,0.9999883154233858,0.016136389890925164,598.6666666666666,38,5,LightPFN x4
363616,APSFailure,0.9924392401511192,0.020106990965976,50666.666666666664,170,2,LightPFN x4
363618,bank-marketing,0.764698353520866,0.30236658047952264,30140.666666666668,13,2,LightPFN x4
363619,Bank_Customer_Churn,0.8713880390987573,0.32777638424050043,6666.666666666667,10,2,LightPFN x4
363620,Bioresponse,0.8539458367853401,0.4878730579049366,2500.6666666666665,1776,2,LightPFN x4
363621,blood-transfusion-service-center,0.7453880463871543,0.47460698451708444,498.6666666666667,4,2,LightPFN x4
363623,churn,0.9264917628971728,0.1435697235279825,3333.3333333333335,19,2,LightPFN x4
363624,coil2000_insurance_policies,0.7708198360051483,0.19832006155606685,6548.0,85,2,LightPFN x4
363626,credit-g,0.7855139821234242,0.49801359187521294,666.6666666666666,20,2,LightPFN x4
363627,credit_card_clients_default,0.7890497076227071,0.4234676900940666,20000.0,23,2,LightPFN x4
363628,customer_satisfaction_in_airline,0.9921136593886386,0.11213434450193364,86586.66666666667,21,2,LightPFN x4
363629,diabetes,0.8415344318507668,0.4638027848178339,512.0,8,2,LightPFN x4
363630,Diabetes130US,0.6451098794969251,0.28656140887758663,47678.666666666664,47,2,LightPFN x4
363632,E-CommereShippingData,0.7472210506522483,0.4972469258944947,7332.666666666667,10,2,LightPFN x4
363671,Fitness_Club,0.8220288966921497,0.462778490421155,1000.0,6,2,LightPFN x4
363673,GiveMeSomeCredit,0.8655734866021155,0.17726146815065377,100000.0,10,2,LightPFN x4
363674,hazelnut-spread-contaminant-detection,0.9881520833333334,0.1339580659869793,1600.0,30,2,LightPFN x4
363676,heloc,0.8015098097100247,0.5418224872503479,6972.666666666667,23,2,LightPFN x4
363677,hiva_agnostic,0.46940127928071024,0.17514381494074735,2563.3333333333335,1617,3,LightPFN x4
363679,HR_Analytics_Job_Change_of_Data_Scientists,0.8050014495914236,0.4324480764040491,12772.0,12,2,LightPFN x4
363681,in_vehicle_coupon_recommendation,0.7811849666558045,0.5545625472847537,8456.0,24,2,LightPFN x4
363682,Is-this-a-good-customer,0.7464606775019349,0.31541946311841135,1148.6666666666667,13,2,LightPFN x4
363683,kddcup09_appetency,0.8218286452072849,0.07599455946843833,33333.333333333336,212,2,LightPFN x4
363684,Marketing_Campaign,0.9235871964032712,0.23534520512641588,1493.3333333333333,25,2,LightPFN x4
363685,maternal_health_risk,0.9595663618277279,0.378252378318626,676.0,6,3,LightPFN x4
363689,NATICUSdroid,0.9852724569027745,0.14740129137452987,4994.0,86,2,LightPFN x4
363691,online_shoppers_intention,0.9366316898578115,0.21817892284486265,8220.0,17,2,LightPFN x4
363694,polish_companies_bankruptcy,0.9429189433859264,0.13095211702151002,3940.0,64,2,LightPFN x4
363696,qsar-biodeg,0.9434918216941247,0.28527012842592087,702.6666666666666,41,2,LightPFN x4
363699,SDSS17,0.9962629687520724,0.07247544955025154,52035.333333333336,11,3,LightPFN x4
363700,seismic-bumps,0.7819486185205399,0.206884151668958,1722.6666666666667,15,2,LightPFN x4
363702,splice,0.9953429561227337,0.10270893582159708,2126.6666666666665,60,3,LightPFN x4
363704,students_dropout_and_academic_success,0.8973064136567951,0.5355216436645951,2949.3333333333335,36,3,LightPFN x4
363706,taiwanese_bankruptcy_prediction,0.9441305865778383,0.08110271210516214,4546.0,94,2,LightPFN x4
363707,website_phishing,0.9801856851467962,0.22990806373404363,902.0,9,3,LightPFN x4
363711,MIC,0.8669253247580168,0.44578056900996815,1132.6666666666667,111,8,LightPFN x4
363712,jm1,0.7780727392988315,0.40983337495405453,7256.666666666667,21,2,LightPFN x4
363613,Amazon_employee_access,0.8462496059924516,0.15941922826638252,21846.0,9,2,LightPFN x1
363614,anneal,1.0,0.013162711071493466,598.6666666666666,38,5,LightPFN x1
363616,APSFailure,0.9917077059814585,0.021292836651470203,50666.666666666664,170,2,LightPFN x1
363618,bank-marketing,0.7621701726966702,0.30357801028694725,30140.666666666668,13,2,LightPFN x1
363619,Bank_Customer_Churn,0.8710230594650619,0.32802092729802285,6666.666666666667,10,2,LightPFN x1
363620,Bioresponse,0.8476749536669382,0.4889296841145095,2500.6666666666665,1776,2,LightPFN x1
363621,blood-transfusion-service-center,0.7471265734958866,0.4742529751262959,498.6666666666667,4,2,LightPFN x1
363623,churn,0.925500556974768,0.14474968789457346,3333.3333333333335,19,2,LightPFN x1
363624,coil2000_insurance_policies,0.7703223542786928,0.19844264888903604,6548.0,85,2,LightPFN x1
363626,credit-g,0.7840589119988262,0.4998095764417576,666.6666666666666,20,2,LightPFN x1
363627,credit_card_clients_default,0.788554633672366,0.42392487888952046,20000.0,23,2,LightPFN x1
363628,customer_satisfaction_in_airline,0.9909911943345978,0.11846844057011983,86586.66666666667,21,2,LightPFN x1
363629,diabetes,0.8436422283510833,0.46237690784038105,512.0,8,2,LightPFN x1
363630,Diabetes130US,0.6405229857063608,0.28705389907908835,47678.666666666664,47,2,LightPFN x1
363632,E-CommereShippingData,0.7465969501326057,0.4983088563441127,7332.666666666667,10,2,LightPFN x1
363671,Fitness_Club,0.8215420188261824,0.4631138678958741,1000.0,6,2,LightPFN x1
363673,GiveMeSomeCredit,0.8631063350339057,0.17843217441408363,100000.0,10,2,LightPFN x1
363674,hazelnut-spread-contaminant-detection,0.9847916666666667,0.14933366433749426,1600.0,30,2,LightPFN x1
363676,heloc,0.8008927733600982,0.5428070230649129,6972.666666666667,23,2,LightPFN x1
363677,hiva_agnostic,0.48036077988688203,0.17742556788887184,2563.3333333333335,1617,3,LightPFN x1
363679,HR_Analytics_Job_Change_of_Data_Scientists,0.804389594672151,0.4329121848931851,12772.0,12,2,LightPFN x1
363681,in_vehicle_coupon_recommendation,0.7782886122359173,0.5582031543691239,8456.0,24,2,LightPFN x1
363682,Is-this-a-good-customer,0.7447274620162636,0.3160942848838215,1148.6666666666667,13,2,LightPFN x1
363683,kddcup09_appetency,0.81875044112623,0.07623867314767577,33333.333333333336,212,2,LightPFN x1
363684,Marketing_Campaign,0.9175406156203958,0.242460426101288,1493.3333333333333,25,2,LightPFN x1
363685,maternal_health_risk,0.9601242569893018,0.3757159520562059,676.0,6,3,LightPFN x1
363689,NATICUSdroid,0.9849504445756457,0.14926582722663773,4994.0,86,2,LightPFN x1
363691,online_shoppers_intention,0.9365303078031596,0.21850179482179774,8220.0,17,2,LightPFN x1
363694,polish_companies_bankruptcy,0.9337333893644854,0.13628711600073198,3940.0,64,2,LightPFN x1
363696,qsar-biodeg,0.9424850321302595,0.28613361064372994,702.6666666666666,41,2,LightPFN x1
363699,SDSS17,0.9957797408342538,0.0767774830405662,52035.333333333336,11,3,LightPFN x1
363700,seismic-bumps,0.779671490433592,0.20802600425409143,1722.6666666666667,15,2,LightPFN x1
363702,splice,0.9951344742389358,0.10400665673248997,2126.6666666666665,60,3,LightPFN x1
363704,students_dropout_and_academic_success,0.8963060143402477,0.5384364196825092,2949.3333333333335,36,3,LightPFN x1
363706,taiwanese_bankruptcy_prediction,0.9435899006827261,0.08157798052080334,4546.0,94,2,LightPFN x1
363707,website_phishing,0.9807638489095236,0.22606650687945062,902.0,9,3,LightPFN x1
363711,MIC,0.8635526564096069,0.4490390046875797,1132.6666666666667,111,8,LightPFN x1
363712,jm1,0.7748157976192189,0.4116585231446215,7256.666666666667,21,2,LightPFN x1
363613,Amazon_employee_access,0.8533014504612968,0.1543683822203126,21846.0,9,2,TabICLv2
363614,anneal,0.9993607536391286,0.01676547353889717,598.6666666666666,38,5,TabICLv2
363616,APSFailure,0.994620439902831,0.0156756765983666,50666.666666666664,170,2,TabICLv2
363618,bank-marketing,0.7640065541962184,0.304719711422784,30140.666666666668,13,2,TabICLv2
363619,Bank_Customer_Churn,0.8732125997526942,0.3276228805864572,6666.666666666667,10,2,TabICLv2
363620,Bioresponse,0.8605673491694897,0.4701053046656402,2500.6666666666665,1776,2,TabICLv2
363621,blood-transfusion-service-center,0.7522172663296661,0.4723602840527949,498.6666666666667,4,2,TabICLv2
363623,churn,0.9338014193637375,0.11921173058908646,3333.3333333333335,19,2,TabICLv2
363624,coil2000_insurance_policies,0.7708531314733813,0.19959475491819825,6548.0,85,2,TabICLv2
363626,credit-g,0.7928450289179904,0.4940552183694389,666.6666666666666,20,2,TabICLv2
363627,credit_card_clients_default,0.7910188968639408,0.42326693454955683,20000.0,23,2,TabICLv2
363628,customer_satisfaction_in_airline,0.9952444790045133,0.08393225663163217,86586.66666666667,21,2,TabICLv2
363629,diabetes,0.8426275781994965,0.4635425965899654,512.0,8,2,TabICLv2
363630,Diabetes130US,0.6641348916887697,0.2839749172887848,47678.666666666664,47,2,TabICLv2
363632,E-CommereShippingData,0.7443522797123063,0.49709749738580894,7332.666666666667,10,2,TabICLv2
363671,Fitness_Club,0.8220297447437265,0.4632010383256355,1000.0,6,2,TabICLv2
363673,GiveMeSomeCredit,0.8669290121307217,0.1779553061670337,100000.0,10,2,TabICLv2
363674,hazelnut-spread-contaminant-detection,0.9941864583333334,0.09260497192895771,1600.0,30,2,TabICLv2
363676,heloc,0.8022415803696944,0.5415791652712098,6972.666666666667,23,2,TabICLv2
363677,hiva_agnostic,0.4808174785485142,0.19403570221327868,2563.3333333333335,1617,3,TabICLv2
363679,HR_Analytics_Job_Change_of_Data_Scientists,0.8056270613611244,0.4336240366882779,12772.0,12,2,TabICLv2
363681,in_vehicle_coupon_recommendation,0.8428109596511804,0.48417398868900235,8456.0,24,2,TabICLv2
363682,Is-this-a-good-customer,0.7497102657220536,0.3163219487579686,1148.6666666666667,13,2,TabICLv2
363683,kddcup09_appetency,0.8236891946230677,0.07689702741098293,33333.333333333336,212,2,TabICLv2
363684,Marketing_Campaign,0.929094256777736,0.22866094787623545,1493.3333333333333,25,2,TabICLv2
363685,maternal_health_risk,0.9615086113619365,0.36206448219978876,676.0,6,3,TabICLv2
363689,NATICUSdroid,0.9879910150363617,0.1326071297317621,4994.0,86,2,TabICLv2
363691,online_shoppers_intention,0.9377223767091626,0.21689252568761233,8220.0,17,2,TabICLv2
363694,polish_companies_bankruptcy,0.9834356840379296,0.06538358498912454,3940.0,64,2,TabICLv2
363696,qsar-biodeg,0.9429660130583112,0.2867792686405249,702.6666666666666,41,2,TabICLv2
363699,SDSS17,0.9964457882105049,0.07177201969653907,52035.333333333336,11,3,TabICLv2
363700,seismic-bumps,0.7867393274731177,0.20767166038732898,1722.6666666666667,15,2,TabICLv2
363702,splice,0.9959574350935313,0.09876091234065422,2126.6666666666665,60,3,TabICLv2
363704,students_dropout_and_academic_success,0.9006447815609095,0.5327632479836047,2949.3333333333335,36,3,TabICLv2
363706,taiwanese_bankruptcy_prediction,0.9433708414708807,0.0829968133981634,4546.0,94,2,TabICLv2
363707,website_phishing,0.9800568000120675,0.22815419343292534,902.0,9,3,TabICLv2
363711,MIC,0.8767820802975456,0.444044941537733,1132.6666666666667,111,8,TabICLv2
363712,jm1,0.7776550213135783,0.4107277401051894,7256.666666666667,21,2,TabICLv2
363613,Amazon_employee_access,0.888244776971919,0.1417559483866154,21846.0,9,2,CatBoost
363614,anneal,0.9981820142788144,0.04299665012088183,598.6666666666666,38,5,CatBoost
363616,APSFailure,0.9920655762376877,0.018674100612959835,50666.666666666664,170,2,CatBoost
363618,bank-marketing,0.7631988340255799,0.3030537885136683,30140.666666666668,13,2,CatBoost
363619,Bank_Customer_Churn,0.866571186663133,0.33236607183148786,6666.666666666667,10,2,CatBoost
363620,Bioresponse,0.8700212276290671,0.4524958099399989,2500.6666666666665,1776,2,CatBoost
363621,blood-transfusion-service-center,0.7199162454157993,0.4993194289775183,498.6666666666667,4,2,CatBoost
363623,churn,0.9270035194286793,0.14836210489937823,3333.3333333333335,19,2,CatBoost
363624,coil2000_insurance_policies,0.7443698396435129,0.20657553635647888,6548.0,85,2,CatBoost
363626,credit-g,0.7808823960969883,0.5011287417381832,666.6666666666666,20,2,CatBoost
363627,credit_card_clients_default,0.7819261070105847,0.42915608586702997,20000.0,23,2,CatBoost
363628,customer_satisfaction_in_airline,0.9944515478381235,0.09431085419222557,86586.66666666667,21,2,CatBoost
363629,diabetes,0.8389619089213537,0.4764904666236163,512.0,8,2,CatBoost
363630,Diabetes130US,0.6685750442604985,0.2808329753934022,47678.666666666664,47,2,CatBoost
363632,E-CommereShippingData,0.7462418811722894,0.5063610889996815,7332.666666666667,10,2,CatBoost
363671,Fitness_Club,0.8135060192395457,0.4746550131376321,1000.0,6,2,CatBoost
363673,GiveMeSomeCredit,0.8633949904195681,0.17966829545915097,100000.0,10,2,CatBoost
363674,hazelnut-spread-contaminant-detection,0.9700291666666666,0.2250959361336254,1600.0,30,2,CatBoost
363676,heloc,0.7950462043319818,0.5507135261829067,6972.666666666667,23,2,CatBoost
363677,hiva_agnostic,0.4804238856261172,0.2020823328892786,2563.3333333333335,1617,3,CatBoost
363679,HR_Analytics_Job_Change_of_Data_Scientists,0.8034862237423428,0.4353005985011347,12772.0,12,2,CatBoost
363681,in_vehicle_coupon_recommendation,0.8260591007289122,0.5054285643867702,8456.0,24,2,CatBoost
363682,Is-this-a-good-customer,0.7351856177003526,0.32216487968906304,1148.6666666666667,13,2,CatBoost
363683,kddcup09_appetency,0.8414425877442575,0.0738314794440768,33333.333333333336,212,2,CatBoost
363684,Marketing_Campaign,0.8936147884093955,0.26849518282286694,1493.3333333333333,25,2,CatBoost
363685,maternal_health_risk,0.949401884112501,0.4190475951509556,676.0,6,3,CatBoost
363689,NATICUSdroid,0.9856717486344863,0.14364905473287548,4994.0,86,2,CatBoost
363691,online_shoppers_intention,0.9324416841973134,0.22618278808698258,8220.0,17,2,CatBoost
363694,polish_companies_bankruptcy,0.9601584087347271,0.09948090134798583,3940.0,64,2,CatBoost
363696,qsar-biodeg,0.934902934768146,0.3069175268848987,702.6666666666666,41,2,CatBoost
363699,SDSS17,0.9951991071469909,0.0769501026334586,52035.333333333336,11,3,CatBoost
363700,seismic-bumps,0.7500571017482213,0.22012126924405936,1722.6666666666667,15,2,CatBoost
363702,splice,0.995296654156017,0.11081160899140825,2126.6666666666665,60,3,CatBoost
363704,students_dropout_and_academic_success,0.8890827720846929,0.5677446576972498,2949.3333333333335,36,3,CatBoost
363706,taiwanese_bankruptcy_prediction,0.937314672831782,0.09068628110479586,4546.0,94,2,CatBoost
363707,website_phishing,0.9756856366525932,0.2770615109197827,902.0,9,3,CatBoost
363711,MIC,0.8514464332123278,0.48714320461480637,1132.6666666666667,111,8,CatBoost
363712,jm1,0.7421344233270702,0.43190695787462946,7256.666666666667,21,2,CatBoost
363613,Amazon_employee_access,0.8455797888248857,0.17985003813506387,21846.0,9,2,LightGBM
363614,anneal,0.9933129454001947,0.06023599971285687,598.6666666666666,38,5,LightGBM
363616,APSFailure,0.9902609144449626,0.021584992033574835,50666.666666666664,170,2,LightGBM
363618,bank-marketing,0.755903102140568,0.3051285894777861,30140.666666666668,13,2,LightGBM
363619,Bank_Customer_Churn,0.8581058439871772,0.343051686396521,6666.666666666667,10,2,LightGBM
363620,Bioresponse,0.8719413042028062,0.4683575788129368,2500.6666666666665,1776,2,LightGBM
363621,blood-transfusion-service-center,0.6773671820794925,0.6111626253279447,498.6666666666667,4,2,LightGBM
363623,churn,0.9159759944336963,0.18219260547261826,3333.3333333333335,19,2,LightGBM
363624,coil2000_insurance_policies,0.7298745552219073,0.23165983962543044,6548.0,85,2,LightGBM
363626,credit-g,0.7733535086753971,0.57263123389412,666.6666666666666,20,2,LightGBM
363627,credit_card_clients_default,0.7792372068680802,0.42998595055626115,20000.0,23,2,LightGBM
363628,customer_satisfaction_in_airline,0.9926624407593597,0.1114283757924394,86586.66666666667,21,2,LightGBM
363629,diabetes,0.8129595823920049,0.6150335018274845,512.0,8,2,LightGBM
363630,Diabetes130US,0.6269982949859485,0.29587230248200863,47678.666666666664,47,2,LightGBM
363632,E-CommereShippingData,0.7377058920579732,0.515782836840537,7332.666666666667,10,2,LightGBM
363671,Fitness_Club,0.7808113601495642,0.5658995397915295,1000.0,6,2,LightGBM
363673,GiveMeSomeCredit,0.8635824685984899,0.17831752316614735,100000.0,10,2,LightGBM
363674,hazelnut-spread-contaminant-detection,0.9699,0.23991811899351745,1600.0,30,2,LightGBM
363676,heloc,0.7878188024237623,0.5610399750051162,6972.666666666667,23,2,LightGBM
363677,hiva_agnostic,0.4934843143049347,0.38310712315695383,2563.3333333333335,1617,3,LightGBM
363679,HR_Analytics_Job_Change_of_Data_Scientists,0.7966016331196085,0.4451236934644654,12772.0,12,2,LightGBM
363681,in_vehicle_coupon_recommendation,0.81857861494926,0.5150247598720492,8456.0,24,2,LightGBM
363682,Is-this-a-good-customer,0.6947602059586342,0.4483249208236651,1148.6666666666667,13,2,LightGBM
363683,kddcup09_appetency,0.7695894534878448,0.1177745954604638,33333.333333333336,212,2,LightGBM
363684,Marketing_Campaign,0.8911900540521844,0.33303065154065864,1493.3333333333333,25,2,LightGBM
363685,maternal_health_risk,0.946278600427795,0.4321791714483405,676.0,6,3,LightGBM
363689,NATICUSdroid,0.9839029938738563,0.1529492677427385,4994.0,86,2,LightGBM
363691,online_shoppers_intention,0.9302290812009911,0.2320064644711377,8220.0,17,2,LightGBM
363694,polish_companies_bankruptcy,0.958232430153155,0.14256611382081627,3940.0,64,2,LightGBM
363696,qsar-biodeg,0.9284131052581066,0.4008001733837618,702.6666666666666,41,2,LightGBM
363699,SDSS17,0.9927530466979212,0.10621257223318337,52035.333333333336,11,3,LightGBM
363700,seismic-bumps,0.7266859162729192,0.30342441069182663,1722.6666666666667,15,2,LightGBM
363702,splice,0.9945027682110507,0.11429622164859699,2126.6666666666665,60,3,LightGBM
363704,students_dropout_and_academic_success,0.887279090249165,0.6003517521102802,2949.3333333333335,36,3,LightGBM
363706,taiwanese_bankruptcy_prediction,0.9360044620027054,0.13874357710289195,4546.0,94,2,LightGBM
363707,website_phishing,0.9755741779341468,0.30522232298466795,902.0,9,3,LightGBM
363711,MIC,0.8472019529606573,1.0375265642389977,1132.6666666666667,111,8,LightGBM
363712,jm1,0.7384553001622453,0.43572065752027117,7256.666666666667,21,2,LightGBM
363613,Amazon_employee_access,0.8587174231056688,0.3025575282773727,21846.0,9,2,XGBoost
363614,anneal,0.9999546364415403,0.021567412326347932,598.6666666666666,38,5,XGBoost
363616,APSFailure,0.9870551801288728,0.028062705178578163,50666.666666666664,170,2,XGBoost
363618,bank-marketing,0.7389829531748037,0.3182840503220013,30140.666666666668,13,2,XGBoost
363619,Bank_Customer_Churn,0.8385868913355736,0.38371275699182794,6666.666666666667,10,2,XGBoost
363620,Bioresponse,0.8690075049594115,0.551856642305574,2500.6666666666665,1776,2,XGBoost
363621,blood-transfusion-service-center,0.6609611953612845,0.7204589094373319,498.6666666666667,4,2,XGBoost
363623,churn,0.9010607091156957,0.2674646739929925,3333.3333333333335,19,2,XGBoost
363624,coil2000_insurance_policies,0.7119616403091783,0.27581332160277533,6548.0,85,2,XGBoost
363626,credit-g,0.7664366983358399,0.7080084474305871,666.6666666666666,20,2,XGBoost
363627,credit_card_clients_default,0.7599008308016568,0.45767716533004804,20000.0,23,2,XGBoost
363628,customer_satisfaction_in_airline,0.9936713879904229,0.09949174871732587,86586.66666666667,21,2,XGBoost
363629,diabetes,0.799517566104198,0.7306331215568456,512.0,8,2,XGBoost
363630,Diabetes130US,0.5637241850792439,0.42460283203194704,47678.666666666664,47,2,XGBoost
363632,E-CommereShippingData,0.7415240256254578,0.558197790648128,7332.666666666667,10,2,XGBoost
363671,Fitness_Club,0.771023482950907,0.636397527922442,1000.0,6,2,XGBoost
363673,GiveMeSomeCredit,0.8541871858873132,0.18454606676387741,100000.0,10,2,XGBoost
363674,hazelnut-spread-contaminant-detection,0.9719770833333333,0.23886808868035656,1600.0,30,2,XGBoost
363676,heloc,0.771229966508275,0.6158824108715337,6972.666666666667,23,2,XGBoost
363677,hiva_agnostic,0.4952058633555659,0.2785008774349365,2563.3333333333335,1617,3,XGBoost
363679,HR_Analytics_Job_Change_of_Data_Scientists,0.7709391333236155,0.5346337133082185,12772.0,12,2,XGBoost
363681,in_vehicle_coupon_recommendation,0.827187569172868,0.5365032691804662,8456.0,24,2,XGBoost
363682,Is-this-a-good-customer,0.7035577171137093,0.4788638740326609,1148.6666666666667,13,2,XGBoost
363683,kddcup09_appetency,0.7504901135933513,0.17018705019879388,33333.333333333336,212,2,XGBoost
363684,Marketing_Campaign,0.7668399887460948,0.9042903377491514,1493.3333333333333,25,2,XGBoost
363685,maternal_health_risk,0.9529507708881807,0.41380033110372255,676.0,6,3,XGBoost
363689,NATICUSdroid,0.9844955921374395,0.15231589462551268,4994.0,86,2,XGBoost
363691,online_shoppers_intention,0.9197740568149863,0.27458472484956403,8220.0,17,2,XGBoost
363694,polish_companies_bankruptcy,0.9558269615222136,0.134559083913184,3940.0,64,2,XGBoost
363696,qsar-biodeg,0.9279202042350366,0.40758200619030077,702.6666666666666,41,2,XGBoost
363699,SDSS17,0.9924217783195809,0.17112028494151235,52035.333333333336,11,3,XGBoost
363700,seismic-bumps,0.7093864816135288,0.2938620173371915,1722.6666666666667,15,2,XGBoost
363702,splice,0.9950836097877863,0.1222211700200881,2126.6666666666665,60,3,XGBoost
363704,students_dropout_and_academic_success,0.8813905303096327,0.7271181084503399,2949.3333333333335,36,3,XGBoost
363706,taiwanese_bankruptcy_prediction,0.9302170808539829,0.123579615526706,4546.0,94,2,XGBoost
363707,website_phishing,0.9740999963526199,0.34154698809156053,902.0,9,3,XGBoost
363711,MIC,0.8476174448801258,0.6328663724092242,1132.6666666666667,111,8,XGBoost
363712,jm1,0.7170301432794015,0.4648408402182032,7256.666666666667,21,2,XGBoost
363613,Amazon_employee_access,0.840121964104373,0.208554753406567,21846.0,9,2,Random forest
363614,anneal,0.9987756615549322,0.04544492705656337,598.6666666666666,38,5,Random forest
363616,APSFailure,0.9880817519110808,0.023308465346114037,50666.666666666664,170,2,Random forest
363618,bank-marketing,0.7246986704933293,0.37718426025522817,30140.666666666668,13,2,Random forest
363619,Bank_Customer_Churn,0.8508310106470255,0.35935897963090246,6666.666666666667,10,2,Random forest
363620,Bioresponse,0.8677091158587013,0.46694699200269163,2500.6666666666665,1776,2,Random forest
363621,blood-transfusion-service-center,0.6766688968183171,0.7966961053160823,498.6666666666667,4,2,Random forest
363623,churn,0.9190265621649112,0.20901546057003495,3333.3333333333335,19,2,Random forest
363624,coil2000_insurance_policies,0.691349869842396,0.305807851696424,6548.0,85,2,Random forest
363626,credit-g,0.7651337074942225,0.5149889859333328,666.6666666666666,20,2,Random forest
363627,credit_card_clients_default,0.7621190082236531,0.44925342195873647,20000.0,23,2,Random forest
363628,customer_satisfaction_in_airline,0.9922857531605264,0.12429719634546443,86586.66666666667,21,2,Random forest
363629,diabetes,0.8213066098898874,0.4894551639721878,512.0,8,2,Random forest
363630,Diabetes130US,0.6182277229237805,0.29715855790585494,47678.666666666664,47,2,Random forest
363632,E-CommereShippingData,0.738036707468629,0.5172555315500099,7332.666666666667,10,2,Random forest
363671,Fitness_Club,0.7889764320621758,0.5332486226183515,1000.0,6,2,Random forest
363673,GiveMeSomeCredit,0.8408107788967253,0.22166043849956862,100000.0,10,2,Random forest
363674,hazelnut-spread-contaminant-detection,0.9547593750000001,0.29233425276571806,1600.0,30,2,Random forest
363676,heloc,0.790035845707739,0.5571889739265353,6972.666666666667,23,2,Random forest
363677,hiva_agnostic,0.5185332154116457,0.31439295948973806,2563.3333333333335,1617,3,Random forest
363679,HR_Analytics_Job_Change_of_Data_Scientists,0.7851870712293479,0.48804516618991145,12772.0,12,2,Random forest
363681,in_vehicle_coupon_recommendation,0.8018487306358556,0.5401491079037403,8456.0,24,2,Random forest
363682,Is-this-a-good-customer,0.7188254007507447,0.3408415985319218,1148.6666666666667,13,2,Random forest
363683,kddcup09_appetency,0.7251448100791412,0.10560990320601372,33333.333333333336,212,2,Random forest
363684,Marketing_Campaign,0.887791475522682,0.2847067199952919,1493.3333333333333,25,2,Random forest
363685,maternal_health_risk,0.948274218828184,0.4616508619663255,676.0,6,3,Random forest
363689,NATICUSdroid,0.9780405586678516,0.18528233919649215,4994.0,86,2,Random forest
363691,online_shoppers_intention,0.9237127948980687,0.24175544710931243,8220.0,17,2,Random forest
363694,polish_companies_bankruptcy,0.9322943853586718,0.14905798650771798,3940.0,64,2,Random forest
363696,qsar-biodeg,0.9327802409244778,0.3274361381010273,702.6666666666666,41,2,Random forest
363699,SDSS17,0.9940903633038042,0.09589815496957625,52035.333333333336,11,3,Random forest
363700,seismic-bumps,0.7301381695666604,0.2986233205938113,1722.6666666666667,15,2,Random forest
363702,splice,0.9920480198467372,0.31421561112118107,2126.6666666666665,60,3,Random forest
363704,students_dropout_and_academic_success,0.8809844614097834,0.5981506613866445,2949.3333333333335,36,3,Random forest
363706,taiwanese_bankruptcy_prediction,0.9165099583161965,0.10540813628873763,4546.0,94,2,Random forest
363707,website_phishing,0.9716673925917947,0.32080499920771993,902.0,9,3,Random forest
363711,MIC,0.8375881869494742,0.5675772661608397,1132.6666666666667,111,8,Random forest
363712,jm1,0.7504520208721565,0.48108271099624517,7256.666666666667,21,2,Random forest
